server_id;content;sender;created_at
2;2;fred;2021-03-09 06:14:27.604431
2;very very latest;fred;2021-03-09 06:13:21.472203
2;latest;fred;2021-03-09 06:02:18.898968
2;test;fred;2021-03-09 06:02:04.636857
2;Test;fred;2021-03-09 05:59:22.658196
2;Heloo;fred;2021-03-09 05:58:36.336750
2;test;fred;2021-03-09 05:58:26.538797
2;Test;fred\;2021-03-09 05:57:50.373706
2;Hello;fre;2021-03-09 05:55:41.536416
2;Hi!;fre;2021-03-09 05:55:23.925562
2;Hello;fre;2021-03-09 05:55:19.257051
2;hello;fre;2021-03-09 05:55:11.573796
2;test;fre;2021-03-09 05:20:26.707151
2;Test;fre;2021-03-09 04:15:56.480213
2;Test;fre;2021-03-09 04:15:56.477729
2;Test;fre;2021-03-09 04:15:56.470300
2;test;fre;2021-03-09 04:10:59.555366
2;test;fre;2021-03-09 04:10:59.553659
2;test;fre;2021-03-09 04:10:59.547913
2;test;fre;2021-03-09 04:09:45.533340
2;test;fre;2021-03-09 04:09:45.530705
2;test;fre;2021-03-09 04:09:45.524414
1;hello;fred;2021-03-09 03:49:55.326790
1;hello;fred;2021-03-09 02:05:24.439101
1;hello;fred;2021-03-09 02:05:24.439101